<?xml version="1.0" encoding="utf-8"?>
<demos><!--This is an autogenerated file, please do not modify-->
   <name>Robotics Playground</name>
   <type>toolbox</type>
   <icon>HelpIcon.DEMOS</icon>
   <website/>
   <description>Library of virtual envrionments designed to aid in the teaching of basic concepts in robotics along with re-usable lessons and other robotics demos. 

MATLAB APP available through the app menu after install to help get started.

Lessons for:
- Intro to MATLAB
- Basic robot movements
- Intro to Simulink
- Teleoperation robot controls
- Programming distance sensors
- Programming custom behavior
- Intro to Stateflow (Flow Diagrams)
- Maze solving robots

VEX Clawbot simulation demos for:
- Teleoperation and Control
- Simulation of Autonomous Algorithms
- Autonomous Behavior with Active Perception

BEST Robotics Online Game 2020 - Outbreak
- Game Template for Keyboard Control
- Game Template for Gamepad Control
- Game Template for Autonomous Control

If you have any questions feel free to contact us at roboticsarena@mathworks.com</description>
   <demosection>
      <label>models</label>
      <demoitem>
         <label>SimulinkExamples</label>
         <type>other</type>
         <source>SimulinkExamples</source>
         <file>examples/models/html/SimulinkExamples.html</file>
      </demoitem>
   </demosection>
   <demosection>
      <label>doc</label>
      <demoitem>
         <label>GettingStarted</label>
         <type>other</type>
         <source>GettingStarted</source>
         <file>doc/html/GettingStarted.html</file>
      </demoitem>
   </demosection>
   <demosection>
      <label>scripts</label>
      <demoitem>
         <label>mlrobot_getting_started</label>
         <type>other</type>
         <source>mlrobot_getting_started</source>
         <file>examples/scripts/html/mlrobot_getting_started.html</file>
      </demoitem>
   </demosection>
</demos>